{
  "mainBanners": [
    {
      "title": "Office casual",
      "subtitle": "Collection",
      "image": "/assets/ban1.jpg",
      "link": "/women.html"
    }
  ],
  "smallBanners": [
    {
      "title": "Shine on",
      "subtitle": "Accessories",
      "image": "/assets/ban2.jpg",
      "link": "/men.html"
    },
    {
      "title": "Spring is coming",
      "subtitle": "Hats",
      "image": "/assets/ban3.jpg",
      "link": "/gear.html"
    }
  ],
  "productBanners": [
    {
      "title": "Spring is coming",
      "subtitle": "Hats",
      "image": "/assets/ban3.jpg",
      "link": "/gear.html"
    }
  ]
}
